{"cameraMode":{"drawMode":0,"name":"Shaded","section":"Shading Mode"},"sceneLighting":true,"audioPlay":false,"sceneViewState":{"showFog":true,"showMaterialUpdate":false,"showSkybox":true,"showFlares":true,"showImageEffects":true,"showParticleSystems":true},"in2DMode":false,"pivot":{"x":0.4065874218940735,"y":1.0,"z":5.139408111572266},"rotation":{"x":0.11853646486997605,"y":0.41375732421875,"z":-0.054432835429906848,"w":0.9009985327720642},"size":1.4660253524780274,"orthographic":false}